easy-dataset:id,category
easy-dataset:56276,ignore
easy-dataset:40924,files
easy-dataset:41150,files
easy-dataset:62447,provenance
easy-dataset:51895,files
easy-dataset:64607,files
easy-dataset:41157,description
easy-dataset:41158,description
easy-dataset:41156,description
easy-dataset:41152,description
easy-dataset:41163,files
easy-dataset:65746,files
easy-dataset:41164,relation
easy-dataset:110917,provenance
easy-dataset:65449,provenance
easy-dataset:111042,provenance
easy-dataset:109353,provenance
easy-dataset:42676,provenance
easy-dataset:110989,provenance
easy-dataset:109793,provenance
easy-dataset:112083,provenance
easy-dataset:93500,description
easy-dataset:60383,copyright
easy-dataset:60385,copyright
easy-dataset:60380,copyright
easy-dataset:65710,provenance
easy-dataset:54279,description
easy-dataset:58402,provenance
easy-dataset:58276,provenance
easy-dataset:44161,provenance
easy-dataset:59831,provenance
easy-dataset:226070,provenance
easy-dataset:67012,provenance
easy-dataset:62189,provenance
easy-dataset:64274,description
easy-dataset:61087,provenance
easy-dataset:65225,relation
easy-dataset:76428,relation
easy-dataset:68116,files
easy-dataset:57742,access
easy-dataset:103185,description
easy-dataset:53456,provenance
easy-dataset:45274,provenance
easy-dataset:44280,relation
easy-dataset:64977,access
easy-dataset:67403,description
easy-dataset:67397,description
easy-dataset:68106,description
easy-dataset:48665,description
easy-dataset:66685,description
easy-dataset:66920,description
easy-dataset:66925,description
easy-dataset:67373,description
easy-dataset:67378,description
easy-dataset:67379,description
easy-dataset:67380,description
easy-dataset:67382,description
easy-dataset:67409,description
easy-dataset:67410,description
easy-dataset:67411,description
easy-dataset:67412,description
easy-dataset:67413,description
easy-dataset:68087,description
easy-dataset:67367,description
easy-dataset:213107,description
easy-dataset:67590,description
easy-dataset:68650,description
easy-dataset:75431,provenance
easy-dataset:41266,access
easy-dataset:41268,access
easy-dataset:41271,access
easy-dataset:41272,access
easy-dataset:41274,access
easy-dataset:41281,access
easy-dataset:41305,access
easy-dataset:41307,access
easy-dataset:41308,access
easy-dataset:41311,access
easy-dataset:41356,access
easy-dataset:41358,access
easy-dataset:41359,access
easy-dataset:41363,access
easy-dataset:41364,access
easy-dataset:41403,access
easy-dataset:41406,access
easy-dataset:41411,access
easy-dataset:41419,access
easy-dataset:41478,access
easy-dataset:41486,access
easy-dataset:41273,access
easy-dataset:41485,access
easy-dataset:41282,access
easy-dataset:41261,access
easy-dataset:41289,access
easy-dataset:41309,access
easy-dataset:41310,access
easy-dataset:41269,access
easy-dataset:41299,access
easy-dataset:41355,access
easy-dataset:41476,access
easy-dataset:41081,access
easy-dataset:40926,access
easy-dataset:41076,access
easy-dataset:41074,access
easy-dataset:41075,access
easy-dataset:41077,access
easy-dataset:41080,access
easy-dataset:41073,access
easy-dataset:41212,access
easy-dataset:41072,access
easy-dataset:41078,access
easy-dataset:41180,access
easy-dataset:41487,access
easy-dataset:41175,access
easy-dataset:41148,access
easy-dataset:41179,access
easy-dataset:41543,access
easy-dataset:41493,access
easy-dataset:41071,access
easy-dataset:41079,access
easy-dataset:41275,access
easy-dataset:41288,access
easy-dataset:41290,access
easy-dataset:41300,access
easy-dataset:41306,access
easy-dataset:41350,access
easy-dataset:41402,access
easy-dataset:41404,access
easy-dataset:41405,access
easy-dataset:41484,access
easy-dataset:60607,files
easy-dataset:78412,description
easy-dataset:27877,files
easy-dataset:33873,contact
easy-dataset:33874,contact
easy-dataset:67942,description
easy-dataset:50143,funder
easy-dataset:40639,funder
easy-dataset:49591,funder
easy-dataset:97037,provenance
easy-dataset:67361,description
easy-dataset:41524,files
easy-dataset:41545,files
easy-dataset:41546,files
easy-dataset:41547,files
easy-dataset:41548,files
easy-dataset:41549,files
easy-dataset:41550,files
easy-dataset:41551,files
easy-dataset:41552,files
easy-dataset:41553,files
easy-dataset:41554,files
easy-dataset:41555,files
easy-dataset:41556,files
easy-dataset:41557,files
easy-dataset:41558,files
easy-dataset:41559,files
easy-dataset:41560,files
easy-dataset:41561,files
easy-dataset:41562,files
easy-dataset:41563,files
easy-dataset:41564,files
easy-dataset:41565,files
easy-dataset:41566,files
easy-dataset:41567,files
easy-dataset:41568,files
easy-dataset:41587,files
easy-dataset:41588,files
easy-dataset:41589,files
easy-dataset:60366,relation
easy-dataset:54648,contributor
easy-dataset:32208,contact
easy-dataset:54375,funder
easy-dataset:31988,contact
easy-dataset:32978,contact
easy-dataset:31997,contact
easy-dataset:40826,files
easy-dataset:33329,contact
easy-dataset:118150,provenance
easy-dataset:47876,provenance
easy-dataset:47881,provenance
easy-dataset:61153,provenance
easy-dataset:61154,provenance
easy-dataset:61151,provenance
easy-dataset:60362,relation
easy-dataset:60361,description
easy-dataset:67395,files
easy-dataset:31983,contact
easy-dataset:33371,contact
easy-dataset:31945,relation
easy-dataset:32705,contact
easy-dataset:64624,provenance
easy-dataset:117695,provenance
easy-dataset:117699,provenance
easy-dataset:41610,copyright
easy-dataset:41618,copyright
easy-dataset:41619,copyright
easy-dataset:41624,copyright
easy-dataset:41626,copyright
easy-dataset:41818,copyright
easy-dataset:33161,contact
easy-dataset:32889,contact
easy-dataset:41586,relation
easy-dataset:32426,description
easy-dataset:41521,contact
easy-dataset:41522,contact
easy-dataset:43690,contact
easy-dataset:43692,contact
easy-dataset:43693,contact
easy-dataset:43694,contact
easy-dataset:43695,contact
easy-dataset:43696,contact
easy-dataset:45089,contact
easy-dataset:42767,provenance
easy-dataset:109901,relation
easy-dataset:94045,provenance
easy-dataset:97085,provenance
easy-dataset:114834,provenance
easy-dataset:51655,files
easy-dataset:53227,access
easy-dataset:53076,access
easy-dataset:53174,access
easy-dataset:53178,access
easy-dataset:53187,access
easy-dataset:53188,access
easy-dataset:53189,access
easy-dataset:53231,access
easy-dataset:53271,access
easy-dataset:53272,access
easy-dataset:53274,access
easy-dataset:53275,access
easy-dataset:53276,access
easy-dataset:53277,access
easy-dataset:53279,access
easy-dataset:53281,access
easy-dataset:53566,access
easy-dataset:53567,access
easy-dataset:53568,access
easy-dataset:53569,access
easy-dataset:53570,access
easy-dataset:53733,access
easy-dataset:53734,access
easy-dataset:53735,access
easy-dataset:53737,access
easy-dataset:53814,access
easy-dataset:53815,access
easy-dataset:53816,access
easy-dataset:53820,access
easy-dataset:53821,access
easy-dataset:53834,access
easy-dataset:53836,access
easy-dataset:53837,access
easy-dataset:53838,access
easy-dataset:53839,access
easy-dataset:53841,access
easy-dataset:54227,access
easy-dataset:128812,collectiondate
easy-dataset:128813,collectiondate
easy-dataset:78999,provenance
easy-dataset:34387,description
easy-dataset:66288,description
easy-dataset:58957,collectiondate
easy-dataset:65866,description
easy-dataset:65958,description
easy-dataset:53292,access
easy-dataset:53654,files
easy-dataset:64410,description
easy-dataset:68101,files
easy-dataset:62211,files
easy-dataset:42496,files
easy-dataset:63216,provenance
easy-dataset:60997,provenance
easy-dataset:56877,provenance
easy-dataset:41820,access
easy-dataset:41612,access
easy-dataset:41344,access
easy-dataset:41400,access
easy-dataset:41401,access
easy-dataset:41611,access
easy-dataset:41613,access
easy-dataset:41614,access
easy-dataset:41615,access
easy-dataset:41616,access
easy-dataset:41617,access
easy-dataset:41620,access
easy-dataset:41621,access
easy-dataset:41622,access
easy-dataset:41623,access
easy-dataset:41627,access
easy-dataset:41628,access
easy-dataset:41665,access
easy-dataset:41625,access
easy-dataset:61821,files
easy-dataset:112362,files
easy-dataset:1286,provenance
easy-dataset:1320,provenance
easy-dataset:160,provenance
easy-dataset:34,provenance
easy-dataset:391,provenance
easy-dataset:437,provenance
easy-dataset:537,provenance
easy-dataset:65397,files
easy-dataset:64148,files
easy-dataset:73074,files
easy-dataset:61644,access
easy-dataset:65612,provenance
easy-dataset:65614,provenance
easy-dataset:61180,files
easy-dataset:76691,provenance
easy-dataset:55940,files
easy-dataset:76780,relation
easy-dataset:56213,provenance
easy-dataset:120965,relation
easy-dataset:120938,relation
easy-dataset:114475,provenance
easy-dataset:61669,access
easy-dataset:42562,files
easy-dataset:48352,files
easy-dataset:48353,files
easy-dataset:48354,files
easy-dataset:42572,files
easy-dataset:42569,files
easy-dataset:42586,files
easy-dataset:68285,provenance
easy-dataset:68636,provenance
easy-dataset:70319,provenance
easy-dataset:41918,relation
easy-dataset:63085,description
easy-dataset:63086,description
easy-dataset:63087,description
easy-dataset:63088,description
easy-dataset:40189,provenance
easy-dataset:38228,provenance
easy-dataset:38767,provenance
easy-dataset:63263,files
easy-dataset:41146,description
easy-dataset:61653,files
easy-dataset:33354,contact
easy-dataset:57400,relation
easy-dataset:41916,relation
easy-dataset:54545,files
easy-dataset:71102,files
easy-dataset:120002,provenance
easy-dataset:64960,provenance
easy-dataset:68798,provenance
easy-dataset:97291,provenance
easy-dataset:41649,files
easy-dataset:41597,files
easy-dataset:41805,files
easy-dataset:41806,files
easy-dataset:41807,files
easy-dataset:41808,files
easy-dataset:41809,files
easy-dataset:41810,files
easy-dataset:41811,files
easy-dataset:41812,files
easy-dataset:41813,files
easy-dataset:41822,files
easy-dataset:46324,access
easy-dataset:46329,access
easy-dataset:46331,access
easy-dataset:46344,access
easy-dataset:46351,access
easy-dataset:46352,access
easy-dataset:46353,access
easy-dataset:46354,access
easy-dataset:46356,access
easy-dataset:46357,access
easy-dataset:46359,access
easy-dataset:46361,access
easy-dataset:46363,access
easy-dataset:46364,access
easy-dataset:46945,access
easy-dataset:46946,access
easy-dataset:46948,access
easy-dataset:46949,access
easy-dataset:46950,access
easy-dataset:46951,access
easy-dataset:46953,access
easy-dataset:46955,access
easy-dataset:46956,access
easy-dataset:46957,access
easy-dataset:46977,access
easy-dataset:46980,access
easy-dataset:46981,access
easy-dataset:46982,access
easy-dataset:46983,access
easy-dataset:47056,access
easy-dataset:47058,access
easy-dataset:47063,access
easy-dataset:47067,access
easy-dataset:47072,access
easy-dataset:47083,access
easy-dataset:47085,access
easy-dataset:47087,access
easy-dataset:47089,access
easy-dataset:47096,access
easy-dataset:47102,access
easy-dataset:47116,access
easy-dataset:47123,access
easy-dataset:47124,access
easy-dataset:47125,access
easy-dataset:47126,access
easy-dataset:47127,access
easy-dataset:47129,access
easy-dataset:47130,access
easy-dataset:47132,access
easy-dataset:47134,access
easy-dataset:47135,access
easy-dataset:47136,access
easy-dataset:47170,access
easy-dataset:47172,access
easy-dataset:47173,access
easy-dataset:47179,access
easy-dataset:47181,access
easy-dataset:47184,access
easy-dataset:47187,access
easy-dataset:47188,access
easy-dataset:47189,access
easy-dataset:47192,access
easy-dataset:47193,access
easy-dataset:47195,access
easy-dataset:47196,access
easy-dataset:47198,access
easy-dataset:47200,access
easy-dataset:47204,access
easy-dataset:47205,access
easy-dataset:47207,access
easy-dataset:47208,access
easy-dataset:47229,access
easy-dataset:47231,access
easy-dataset:47234,access
easy-dataset:47236,access
easy-dataset:47243,access
easy-dataset:47244,access
easy-dataset:47248,access
easy-dataset:47250,access
easy-dataset:47251,access
easy-dataset:47252,access
easy-dataset:47255,access
easy-dataset:47257,access
easy-dataset:47260,access
easy-dataset:47263,access
easy-dataset:47264,access
easy-dataset:47277,access
easy-dataset:47278,access
easy-dataset:47281,access
easy-dataset:47283,access
easy-dataset:47287,access
easy-dataset:47288,access
easy-dataset:47293,access
easy-dataset:47295,access
easy-dataset:47296,access
easy-dataset:47390,access
easy-dataset:47392,access
easy-dataset:47393,access
easy-dataset:47394,access
easy-dataset:47395,access
easy-dataset:47399,access
easy-dataset:47403,access
easy-dataset:47404,access
easy-dataset:47594,access
easy-dataset:47595,access
easy-dataset:47597,access
easy-dataset:47598,access
easy-dataset:47600,access
easy-dataset:47601,access
easy-dataset:47623,access
easy-dataset:47624,access
easy-dataset:47626,access
easy-dataset:47668,access
easy-dataset:47669,access
easy-dataset:47670,access
easy-dataset:47671,access
easy-dataset:47672,access
easy-dataset:47694,access
easy-dataset:47727,access
easy-dataset:47728,access
easy-dataset:47729,access
easy-dataset:47764,access
easy-dataset:47765,access
easy-dataset:47767,access
easy-dataset:47769,access
easy-dataset:47777,access
easy-dataset:47779,access
easy-dataset:47782,access
easy-dataset:47783,access
easy-dataset:47784,access
easy-dataset:47785,access
easy-dataset:47832,access
easy-dataset:47833,access
easy-dataset:47834,access
easy-dataset:47837,access
easy-dataset:47840,access
easy-dataset:47841,access
easy-dataset:47901,access
easy-dataset:47902,access
easy-dataset:47903,access
easy-dataset:47904,access
easy-dataset:47906,access
easy-dataset:47914,access
easy-dataset:47918,access
easy-dataset:47922,access
easy-dataset:47923,access
easy-dataset:47980,access
easy-dataset:47981,access
easy-dataset:47982,access
easy-dataset:47984,access
easy-dataset:47985,access
easy-dataset:47987,access
easy-dataset:47988,access
easy-dataset:47989,access
easy-dataset:47990,access
easy-dataset:47991,access
easy-dataset:47992,access
easy-dataset:48086,access
easy-dataset:48087,access
easy-dataset:48171,access
easy-dataset:48172,access
easy-dataset:48173,access
easy-dataset:48174,access
easy-dataset:48297,access
easy-dataset:48306,access
easy-dataset:48310,access
easy-dataset:48312,access
easy-dataset:48313,access
easy-dataset:48315,access
easy-dataset:48316,access
easy-dataset:48317,access
easy-dataset:48319,access
easy-dataset:48390,access
easy-dataset:48392,access
easy-dataset:48393,access
easy-dataset:48398,access
easy-dataset:48399,access
easy-dataset:48400,access
easy-dataset:48401,access
easy-dataset:48403,access
easy-dataset:48404,access
easy-dataset:48405,access
easy-dataset:48406,access
easy-dataset:48452,access
easy-dataset:48455,access
easy-dataset:48461,access
easy-dataset:48462,access
easy-dataset:48464,access
easy-dataset:48467,access
easy-dataset:48468,access
easy-dataset:48470,access
easy-dataset:48472,access
easy-dataset:48473,access
easy-dataset:48474,access
easy-dataset:48538,access
easy-dataset:48554,access
easy-dataset:48556,access
easy-dataset:48560,access
easy-dataset:48563,access
easy-dataset:48568,access
easy-dataset:48569,access
easy-dataset:48570,access
easy-dataset:48571,access
easy-dataset:48632,access
easy-dataset:48633,access
easy-dataset:48634,access
easy-dataset:48636,access
easy-dataset:48638,access
easy-dataset:48640,access
easy-dataset:48641,access
easy-dataset:48642,access
easy-dataset:48643,access
easy-dataset:48734,access
easy-dataset:48737,access
easy-dataset:48739,access
easy-dataset:48740,access
easy-dataset:48741,access
easy-dataset:48743,access
easy-dataset:48744,access
easy-dataset:48746,access
easy-dataset:48748,access
easy-dataset:48753,access
easy-dataset:48754,access
easy-dataset:48756,access
easy-dataset:48760,access
easy-dataset:48762,access
easy-dataset:48764,access
easy-dataset:48883,access
easy-dataset:48884,access
easy-dataset:48885,access
easy-dataset:48886,access
easy-dataset:48887,access
easy-dataset:48888,access
easy-dataset:48889,access
easy-dataset:48890,access
easy-dataset:48892,access
easy-dataset:48893,access
easy-dataset:48894,access
easy-dataset:48944,access
easy-dataset:48947,access
easy-dataset:48948,access
easy-dataset:48949,access
easy-dataset:48959,access
easy-dataset:48960,access
easy-dataset:48961,access
easy-dataset:49025,access
easy-dataset:49027,access
easy-dataset:49028,access
easy-dataset:49029,access
easy-dataset:49031,access
easy-dataset:49034,access
easy-dataset:49036,access
easy-dataset:49038,access
easy-dataset:49043,access
easy-dataset:49047,access
easy-dataset:49049,access
easy-dataset:49050,access
easy-dataset:49052,access
easy-dataset:49086,access
easy-dataset:49087,access
easy-dataset:49088,access
easy-dataset:49089,access
easy-dataset:49090,access
easy-dataset:49092,access
easy-dataset:49094,access
easy-dataset:49098,access
easy-dataset:49099,access
easy-dataset:49100,access
easy-dataset:49102,access
easy-dataset:49104,access
easy-dataset:49105,access
easy-dataset:49108,access
easy-dataset:49110,access
easy-dataset:49111,access
easy-dataset:49112,access
easy-dataset:49115,access
easy-dataset:49120,access
easy-dataset:49123,access
easy-dataset:49125,access
easy-dataset:49128,access
easy-dataset:49133,access
easy-dataset:49137,access
easy-dataset:49144,access
easy-dataset:49151,access
easy-dataset:49152,access
easy-dataset:49251,access
easy-dataset:49258,access
easy-dataset:49262,access
easy-dataset:49266,access
easy-dataset:49268,access
easy-dataset:49271,access
easy-dataset:49279,access
easy-dataset:49283,access
easy-dataset:49286,access
easy-dataset:49289,access
easy-dataset:49291,access
easy-dataset:49294,access
easy-dataset:49296,access
easy-dataset:49297,access
easy-dataset:49298,access
easy-dataset:49300,access
easy-dataset:49301,access
easy-dataset:49303,access
easy-dataset:49304,access
easy-dataset:49336,access
easy-dataset:49337,access
easy-dataset:49341,access
easy-dataset:49342,access
easy-dataset:49343,access
easy-dataset:49422,access
easy-dataset:49426,access
easy-dataset:49427,access
easy-dataset:49433,access
easy-dataset:49442,access
easy-dataset:49452,access
easy-dataset:49494,access
easy-dataset:49495,access
easy-dataset:49498,access
easy-dataset:49501,access
easy-dataset:49502,access
easy-dataset:49503,access
easy-dataset:49504,access
easy-dataset:49505,access
easy-dataset:49506,access
easy-dataset:49508,access
easy-dataset:49544,access
easy-dataset:49545,access
easy-dataset:49546,access
easy-dataset:49547,access
easy-dataset:49548,access
easy-dataset:49549,access
easy-dataset:49550,access
easy-dataset:49551,access
easy-dataset:49688,access
easy-dataset:49690,access
easy-dataset:49691,access
easy-dataset:49693,access
easy-dataset:49698,access
easy-dataset:49699,access
easy-dataset:49705,access
easy-dataset:49707,access
easy-dataset:49710,access
easy-dataset:49714,access
easy-dataset:49716,access
easy-dataset:49721,access
easy-dataset:49724,access
easy-dataset:49857,access
easy-dataset:49858,access
easy-dataset:49860,access
easy-dataset:49863,access
easy-dataset:49864,access
easy-dataset:49865,access
easy-dataset:49866,access
easy-dataset:49867,access
easy-dataset:49868,access
easy-dataset:49869,access
easy-dataset:49871,access
easy-dataset:49872,access
easy-dataset:49873,access
easy-dataset:49887,access
easy-dataset:49892,access
easy-dataset:49900,access
easy-dataset:49903,access
easy-dataset:49904,access
easy-dataset:49905,access
easy-dataset:49906,access
easy-dataset:49907,access
easy-dataset:49982,access
easy-dataset:49983,access
easy-dataset:49987,access
easy-dataset:49989,access
easy-dataset:49990,access
easy-dataset:50081,access
easy-dataset:50082,access
easy-dataset:50083,access
easy-dataset:50123,access
easy-dataset:50124,access
easy-dataset:50126,access
easy-dataset:50127,access
easy-dataset:50129,access
easy-dataset:50130,access
easy-dataset:50132,access
easy-dataset:50133,access
easy-dataset:50134,access
easy-dataset:50144,access
easy-dataset:50146,access
easy-dataset:50147,access
easy-dataset:50149,access
easy-dataset:50150,access
easy-dataset:50152,access
easy-dataset:50153,access
easy-dataset:50154,access
easy-dataset:50155,access
easy-dataset:50219,access
easy-dataset:50220,access
easy-dataset:50221,access
easy-dataset:50222,access
easy-dataset:50223,access
easy-dataset:50224,access
easy-dataset:50229,access
easy-dataset:50230,access
easy-dataset:50238,access
easy-dataset:50250,access
easy-dataset:50251,access
easy-dataset:50253,access
easy-dataset:50254,access
easy-dataset:50256,access
easy-dataset:50257,access
easy-dataset:50258,access
easy-dataset:50259,access
easy-dataset:50260,access
easy-dataset:50268,access
easy-dataset:50272,access
easy-dataset:50274,access
easy-dataset:50276,access
easy-dataset:50277,access
easy-dataset:50278,access
easy-dataset:50280,access
easy-dataset:50297,access
easy-dataset:50298,access
easy-dataset:50299,access
easy-dataset:50300,access
easy-dataset:50301,access
easy-dataset:50302,access
easy-dataset:50304,access
easy-dataset:50305,access
easy-dataset:50306,access
easy-dataset:50307,access
easy-dataset:50308,access
easy-dataset:50312,access
easy-dataset:50313,access
easy-dataset:50314,access
easy-dataset:50315,access
easy-dataset:50316,access
easy-dataset:50317,access
easy-dataset:50320,access
easy-dataset:50322,access
easy-dataset:50323,access
easy-dataset:50324,access
easy-dataset:50361,access
easy-dataset:50362,access
easy-dataset:50363,access
easy-dataset:50364,access
easy-dataset:50365,access
easy-dataset:50366,access
easy-dataset:50367,access
easy-dataset:50368,access
easy-dataset:50369,access
easy-dataset:50370,access
easy-dataset:50371,access
easy-dataset:50372,access
easy-dataset:50373,access
easy-dataset:50374,access
easy-dataset:50375,access
easy-dataset:50376,access
easy-dataset:50377,access
easy-dataset:50380,access
easy-dataset:50383,access
easy-dataset:50385,access
easy-dataset:50392,access
easy-dataset:50393,access
easy-dataset:50395,access
easy-dataset:50397,access
easy-dataset:50536,access
easy-dataset:50537,access
easy-dataset:50538,access
easy-dataset:50540,access
easy-dataset:50541,access
easy-dataset:50542,access
easy-dataset:50543,access
easy-dataset:50545,access
easy-dataset:50546,access
easy-dataset:50547,access
easy-dataset:50549,access
easy-dataset:50550,access
easy-dataset:50552,access
easy-dataset:50553,access
easy-dataset:50556,access
easy-dataset:50585,access
easy-dataset:50586,access
easy-dataset:50588,access
easy-dataset:50590,access
easy-dataset:50592,access
easy-dataset:50595,access
easy-dataset:50596,access
easy-dataset:50679,access
easy-dataset:50684,access
easy-dataset:50686,access
easy-dataset:50689,access
easy-dataset:50693,access
easy-dataset:50696,access
easy-dataset:50698,access
easy-dataset:50699,access
easy-dataset:50700,access
easy-dataset:50701,access
easy-dataset:50702,access
easy-dataset:50705,access
easy-dataset:50706,access
easy-dataset:50710,access
easy-dataset:50712,access
easy-dataset:50740,access
easy-dataset:50742,access
easy-dataset:50743,access
easy-dataset:50744,access
easy-dataset:50747,access
easy-dataset:50748,access
easy-dataset:50749,access
easy-dataset:50750,access
easy-dataset:50751,access
easy-dataset:50754,access
easy-dataset:50868,access
easy-dataset:50869,access
easy-dataset:50887,access
easy-dataset:50890,access
easy-dataset:50891,access
easy-dataset:50909,access
easy-dataset:50910,access
easy-dataset:50913,access
easy-dataset:50946,access
easy-dataset:50947,access
easy-dataset:50949,access
easy-dataset:50952,access
easy-dataset:50953,access
easy-dataset:50955,access
easy-dataset:50957,access
easy-dataset:51038,access
easy-dataset:51039,access
easy-dataset:51040,access
easy-dataset:51041,access
easy-dataset:51043,access
easy-dataset:51044,access
easy-dataset:51045,access
easy-dataset:51046,access
easy-dataset:51047,access
easy-dataset:51092,access
easy-dataset:51093,access
easy-dataset:51101,access
easy-dataset:51102,access
easy-dataset:51108,access
easy-dataset:51110,access
easy-dataset:51112,access
easy-dataset:51126,access
easy-dataset:51127,access
easy-dataset:51128,access
easy-dataset:51130,access
easy-dataset:51132,access
easy-dataset:51133,access
easy-dataset:51169,access
easy-dataset:51170,access
easy-dataset:51172,access
easy-dataset:51173,access
easy-dataset:51179,access
easy-dataset:51184,access
easy-dataset:51188,access
easy-dataset:51189,access
easy-dataset:51193,access
easy-dataset:51194,access
easy-dataset:51195,access
easy-dataset:51196,access
easy-dataset:51197,access
easy-dataset:51205,access
easy-dataset:51206,access
easy-dataset:51207,access
easy-dataset:51209,access
easy-dataset:51217,access
easy-dataset:51220,access
easy-dataset:51221,access
easy-dataset:51223,access
easy-dataset:51227,access
easy-dataset:51230,access
easy-dataset:51240,access
easy-dataset:51241,access
easy-dataset:51284,access
easy-dataset:51285,access
easy-dataset:51287,access
easy-dataset:51309,access
easy-dataset:51311,access
easy-dataset:51312,access
easy-dataset:51315,access
easy-dataset:51334,access
easy-dataset:51335,access
easy-dataset:51366,access
easy-dataset:51368,access
easy-dataset:51369,access
easy-dataset:51371,access
easy-dataset:51381,access
easy-dataset:51383,access
easy-dataset:51393,access
easy-dataset:51394,access
easy-dataset:51536,access
easy-dataset:51537,access
easy-dataset:51538,access
easy-dataset:51552,access
easy-dataset:51553,access
easy-dataset:51557,access
easy-dataset:51589,access
easy-dataset:51591,access
easy-dataset:51592,access
easy-dataset:51593,access
easy-dataset:51594,access
easy-dataset:51598,access
easy-dataset:51599,access
easy-dataset:51602,access
easy-dataset:51784,access
easy-dataset:51786,access
easy-dataset:51792,access
easy-dataset:51794,access
easy-dataset:51800,access
easy-dataset:51812,access
easy-dataset:51817,access
easy-dataset:51818,access
easy-dataset:51846,access
easy-dataset:51847,access
easy-dataset:51850,access
easy-dataset:51976,access
easy-dataset:51978,access
easy-dataset:51979,access
easy-dataset:51981,access
easy-dataset:51982,access
easy-dataset:51984,access
easy-dataset:51987,access
easy-dataset:51988,access
easy-dataset:51989,access
easy-dataset:52006,access
easy-dataset:52018,access
easy-dataset:52021,access
easy-dataset:52040,access
easy-dataset:52043,access
easy-dataset:52052,access
easy-dataset:52082,access
easy-dataset:52083,access
easy-dataset:52084,access
easy-dataset:52097,access
easy-dataset:52098,access
easy-dataset:52099,access
easy-dataset:52100,access
easy-dataset:52101,access
easy-dataset:52103,access
easy-dataset:52104,access
easy-dataset:52105,access
easy-dataset:52124,access
easy-dataset:52127,access
easy-dataset:52133,access
easy-dataset:52134,access
easy-dataset:52136,access
easy-dataset:52137,access
easy-dataset:52140,access
easy-dataset:52147,access
easy-dataset:52150,access
easy-dataset:52151,access
easy-dataset:52157,access
easy-dataset:52158,access
easy-dataset:52240,access
easy-dataset:52242,access
easy-dataset:52243,access
easy-dataset:52245,access
easy-dataset:52246,access
easy-dataset:52247,access
easy-dataset:52248,access
easy-dataset:52252,access
easy-dataset:52257,access
easy-dataset:52259,access
easy-dataset:52261,access
easy-dataset:52262,access
easy-dataset:52268,access
easy-dataset:52269,access
easy-dataset:52305,access
easy-dataset:52308,access
easy-dataset:52309,access
easy-dataset:52310,access
easy-dataset:52361,access
easy-dataset:52362,access
easy-dataset:52364,access
easy-dataset:52366,access
easy-dataset:52382,access
easy-dataset:52383,access
easy-dataset:52385,access
easy-dataset:52388,access
easy-dataset:52389,access
easy-dataset:52390,access
easy-dataset:52393,access
easy-dataset:52394,access
easy-dataset:52395,access
easy-dataset:52397,access
easy-dataset:52400,access
easy-dataset:52406,access
easy-dataset:52411,access
easy-dataset:52526,access
easy-dataset:52527,access
easy-dataset:52528,access
easy-dataset:52529,access
easy-dataset:52533,access
easy-dataset:52534,access
easy-dataset:52535,access
easy-dataset:52536,access
easy-dataset:52736,access
easy-dataset:52738,access
easy-dataset:52739,access
easy-dataset:52740,access
easy-dataset:52741,access
easy-dataset:52742,access
easy-dataset:52749,access
easy-dataset:52763,access
easy-dataset:52765,access
easy-dataset:52766,access
easy-dataset:52768,access
easy-dataset:52770,access
easy-dataset:52771,access
easy-dataset:53619,access
easy-dataset:53955,access
easy-dataset:72764,access
easy-dataset:47266,access
easy-dataset:48964,access
easy-dataset:47983,access
easy-dataset:50145,access
easy-dataset:50148,access
easy-dataset:47128,access
easy-dataset:41660,access
easy-dataset:41898,funder
easy-dataset:103270,relation
easy-dataset:46233,files
easy-dataset:61642,access
easy-dataset:80015,files
easy-dataset:56028,files
easy-dataset:62959,files
easy-dataset:27191,provenance
easy-dataset:59858,relation
easy-dataset:76372,files
easy-dataset:74283,files
easy-dataset:63030,provenance
easy-dataset:75429,relation
easy-dataset:57870,files
easy-dataset:64205,files
easy-dataset:42566,files
easy-dataset:42580,files
easy-dataset:42581,files
easy-dataset:42582,files
easy-dataset:42583,files
easy-dataset:42585,files
easy-dataset:42588,files
easy-dataset:42594,files
easy-dataset:42595,files
easy-dataset:42518,files
easy-dataset:42573,files
easy-dataset:64241,files
easy-dataset:61353,files
easy-dataset:56024,description
easy-dataset:56023,description
easy-dataset:56136,provenance
easy-dataset:65616,provenance
easy-dataset:56215,files
easy-dataset:62789,files
easy-dataset:61148,provenance
easy-dataset:32157,contact
easy-dataset:32772,contact
easy-dataset:32170,contact
easy-dataset:54989,access
easy-dataset:56174,files
easy-dataset:56123,files
easy-dataset:56153,files
easy-dataset:56175,files
easy-dataset:56205,files
easy-dataset:56206,files
easy-dataset:56209,files
easy-dataset:56214,files
easy-dataset:50409,access
easy-dataset:51640,access
easy-dataset:51848,access
easy-dataset:51849,access
easy-dataset:55605,access
easy-dataset:44079,files
easy-dataset:42593,files
easy-dataset:42579,files
easy-dataset:42574,files
easy-dataset:58851,relation
easy-dataset:155849,relation
easy-dataset:40191,relation
easy-dataset:55423,access
easy-dataset:49928,files
easy-dataset:80103,provenance
easy-dataset:80117,provenance
easy-dataset:80118,provenance
easy-dataset:80121,provenance
easy-dataset:80122,provenance
easy-dataset:49005,access
easy-dataset:44303,access
easy-dataset:33388,access
easy-dataset:45275,access
easy-dataset:48522,access
easy-dataset:16716,files
easy-dataset:61249,files
easy-dataset:34354,funder
easy-dataset:40480,access
easy-dataset:35666,provenance
easy-dataset:54986,access
easy-dataset:54931,access
easy-dataset:54950,access
easy-dataset:54951,access
easy-dataset:54953,access
easy-dataset:54954,access
easy-dataset:54955,access
easy-dataset:54956,access
easy-dataset:54957,access
easy-dataset:54958,access
easy-dataset:54959,access
easy-dataset:54960,access
easy-dataset:54961,access
easy-dataset:54962,access
easy-dataset:54963,access
easy-dataset:54964,access
easy-dataset:54965,access
easy-dataset:54966,access
easy-dataset:54967,access
easy-dataset:54968,access
easy-dataset:54970,access
easy-dataset:54971,access
easy-dataset:54972,access
easy-dataset:54973,access
easy-dataset:54974,access
easy-dataset:54975,access
easy-dataset:54977,access
easy-dataset:54978,access
easy-dataset:54979,access
easy-dataset:54980,access
easy-dataset:54981,access
easy-dataset:54982,access
easy-dataset:54983,access
easy-dataset:54985,access
easy-dataset:54987,access
easy-dataset:70861,relation
easy-dataset:66081,relation
easy-dataset:66090,relation
easy-dataset:66089,relation
easy-dataset:64304,relation
easy-dataset:42560,files
easy-dataset:40944,relation
easy-dataset:40945,relation
easy-dataset:40943,relation
easy-dataset:35782,relation
easy-dataset:35783,relation
easy-dataset:35784,relation
easy-dataset:35785,relation
easy-dataset:35786,relation
easy-dataset:35787,relation
easy-dataset:35788,relation
easy-dataset:35789,relation
easy-dataset:35790,relation
easy-dataset:35791,relation
easy-dataset:35792,relation
easy-dataset:35793,relation
easy-dataset:35794,relation
easy-dataset:35795,relation
easy-dataset:35796,relation
easy-dataset:35797,relation
easy-dataset:35798,relation
easy-dataset:35799,relation
easy-dataset:35800,relation
easy-dataset:35801,relation
easy-dataset:35802,relation
easy-dataset:35803,relation
easy-dataset:35804,relation
easy-dataset:35805,relation
easy-dataset:35806,relation
easy-dataset:35807,relation
easy-dataset:35808,relation
easy-dataset:35809,relation
easy-dataset:35810,relation
easy-dataset:35811,relation
easy-dataset:35812,relation
easy-dataset:35813,relation
easy-dataset:35814,relation
easy-dataset:35815,relation
easy-dataset:35816,relation
easy-dataset:35817,relation
easy-dataset:35818,relation
easy-dataset:35819,relation
easy-dataset:35820,relation
easy-dataset:35821,relation
easy-dataset:35822,relation
easy-dataset:35823,relation
easy-dataset:35824,relation
easy-dataset:35825,relation
easy-dataset:35826,relation
easy-dataset:35827,relation
easy-dataset:35828,relation
easy-dataset:35829,relation
easy-dataset:35830,relation
easy-dataset:35831,relation
easy-dataset:35832,relation
easy-dataset:35833,relation
easy-dataset:35834,relation
easy-dataset:35835,relation
easy-dataset:35836,relation
easy-dataset:35837,relation
easy-dataset:35838,relation
easy-dataset:35839,relation
easy-dataset:35840,relation
easy-dataset:35841,relation
easy-dataset:35842,relation
easy-dataset:35843,relation
easy-dataset:35844,relation
easy-dataset:35845,relation
easy-dataset:35846,relation
easy-dataset:35847,relation
easy-dataset:35848,relation
easy-dataset:35849,relation
easy-dataset:35850,relation
easy-dataset:35851,relation
easy-dataset:35852,relation
easy-dataset:35853,relation
easy-dataset:35854,relation
easy-dataset:35855,relation
easy-dataset:35856,relation
easy-dataset:35857,relation
easy-dataset:35858,relation
easy-dataset:35859,relation
easy-dataset:35860,relation
easy-dataset:35861,relation
easy-dataset:35862,relation
easy-dataset:35863,relation
easy-dataset:35864,relation
easy-dataset:35865,relation
easy-dataset:35867,relation
easy-dataset:35868,relation
easy-dataset:35869,relation
easy-dataset:35870,relation
easy-dataset:35871,relation
easy-dataset:35872,relation
easy-dataset:35873,relation
easy-dataset:35874,relation
easy-dataset:35875,relation
easy-dataset:35876,relation
easy-dataset:35877,relation
easy-dataset:35878,relation
easy-dataset:35879,relation
easy-dataset:35880,relation
easy-dataset:35881,relation
easy-dataset:35882,relation
easy-dataset:35883,relation
easy-dataset:35884,relation
easy-dataset:35885,relation
easy-dataset:35886,relation
easy-dataset:35887,relation
easy-dataset:35888,relation
easy-dataset:35889,relation
easy-dataset:35890,relation
easy-dataset:35891,relation
easy-dataset:35892,relation
easy-dataset:35893,relation
easy-dataset:35894,relation
easy-dataset:35895,relation
easy-dataset:35896,relation
easy-dataset:35897,relation
easy-dataset:35898,relation
easy-dataset:35899,relation
easy-dataset:35900,relation
easy-dataset:35901,relation
easy-dataset:35902,relation
easy-dataset:35903,relation
easy-dataset:35904,relation
easy-dataset:35905,relation
easy-dataset:35906,relation
easy-dataset:35907,relation
easy-dataset:35908,relation
easy-dataset:35909,relation
easy-dataset:35910,relation
easy-dataset:35911,relation
easy-dataset:35912,relation
easy-dataset:35913,relation
easy-dataset:35914,relation
easy-dataset:35915,relation
easy-dataset:35916,relation
easy-dataset:35917,relation
easy-dataset:35918,relation
easy-dataset:35919,relation
easy-dataset:35920,relation
easy-dataset:35921,relation
easy-dataset:35922,relation
easy-dataset:35923,relation
easy-dataset:35924,relation
easy-dataset:35925,relation
easy-dataset:35926,relation
easy-dataset:35927,relation
easy-dataset:35928,relation
easy-dataset:35929,relation
easy-dataset:35930,relation
easy-dataset:35931,relation
easy-dataset:35932,relation
easy-dataset:35933,relation
easy-dataset:35934,relation
easy-dataset:35935,relation
easy-dataset:35936,relation
easy-dataset:35937,relation
easy-dataset:35938,relation
easy-dataset:35939,relation
easy-dataset:35940,relation
easy-dataset:35941,relation
easy-dataset:35942,relation
easy-dataset:35943,relation
easy-dataset:35944,relation
easy-dataset:35945,relation
easy-dataset:35946,relation
easy-dataset:35947,relation
easy-dataset:35948,relation
easy-dataset:35949,relation
easy-dataset:35950,relation
easy-dataset:35951,relation
easy-dataset:35952,relation
easy-dataset:35953,relation
easy-dataset:35954,relation
easy-dataset:35955,relation
easy-dataset:35956,relation
easy-dataset:35957,relation
easy-dataset:35958,relation
easy-dataset:35959,relation
easy-dataset:35960,relation
easy-dataset:35961,relation
easy-dataset:35962,relation
easy-dataset:35963,relation
easy-dataset:35964,relation
easy-dataset:35965,relation
easy-dataset:35966,relation
easy-dataset:35967,relation
easy-dataset:35968,relation
easy-dataset:35969,relation
easy-dataset:35970,relation
easy-dataset:35971,relation
easy-dataset:35972,relation
easy-dataset:35973,relation
easy-dataset:35974,relation
easy-dataset:35975,relation
easy-dataset:35976,relation
easy-dataset:35977,relation
easy-dataset:35978,relation
easy-dataset:35979,relation
easy-dataset:35980,relation
easy-dataset:35981,relation
easy-dataset:35982,relation
easy-dataset:35983,relation
easy-dataset:35984,relation
easy-dataset:35985,relation
easy-dataset:35986,relation
easy-dataset:35987,relation
easy-dataset:35988,relation
easy-dataset:35989,relation
easy-dataset:35990,relation
easy-dataset:35991,relation
easy-dataset:35992,relation
easy-dataset:35993,relation
easy-dataset:35994,relation
easy-dataset:35995,relation
easy-dataset:35996,relation
easy-dataset:35997,relation
easy-dataset:35998,relation
easy-dataset:35999,relation
easy-dataset:36000,relation
easy-dataset:36001,relation
easy-dataset:36002,relation
easy-dataset:36003,relation
easy-dataset:36004,relation
easy-dataset:36005,relation
easy-dataset:36006,relation
easy-dataset:36007,relation
easy-dataset:36008,relation
easy-dataset:36009,relation
easy-dataset:36010,relation
easy-dataset:36011,relation
easy-dataset:36012,relation
easy-dataset:36013,relation
easy-dataset:36014,relation
easy-dataset:36015,relation
easy-dataset:36016,relation
easy-dataset:36017,relation
easy-dataset:36018,relation
easy-dataset:36019,relation
easy-dataset:36020,relation
easy-dataset:36222,relation
easy-dataset:36223,relation
easy-dataset:36225,relation
easy-dataset:36226,relation
easy-dataset:35770,relation
easy-dataset:35866,relation
easy-dataset:41593,relation
easy-dataset:41594,relation
easy-dataset:41832,relation
easy-dataset:41229,relation
easy-dataset:41238,relation
easy-dataset:41239,relation
easy-dataset:41240,relation
easy-dataset:41242,relation
easy-dataset:41244,relation
easy-dataset:41245,relation
easy-dataset:41246,relation
easy-dataset:41247,relation
easy-dataset:41248,relation
easy-dataset:41249,relation
easy-dataset:41455,relation
easy-dataset:41456,relation
easy-dataset:42001,relation
easy-dataset:41243,relation
easy-dataset:41241,relation
easy-dataset:41972,provenance
easy-dataset:41973,provenance
easy-dataset:41974,provenance
easy-dataset:41975,provenance
easy-dataset:42041,provenance
easy-dataset:42042,provenance
easy-dataset:42044,provenance
easy-dataset:41768,relation
easy-dataset:55506,relation
easy-dataset:55417,files
easy-dataset:33519,access
easy-dataset:31752,access
easy-dataset:33518,access
easy-dataset:54649,description
easy-dataset:809,provenance
easy-dataset:45157,relation
easy-dataset:45143,relation
easy-dataset:116161,description
easy-dataset:41929,files
easy-dataset:41904,files
easy-dataset:41901,files
easy-dataset:41903,files
easy-dataset:41900,files
easy-dataset:41899,files
easy-dataset:65642,files
easy-dataset:32622,contact
easy-dataset:32664,contact
easy-dataset:32038,contact
easy-dataset:33137,contact
easy-dataset:109061,provenance
easy-dataset:62402,provenance
easy-dataset:42753,access
easy-dataset:44424,description
easy-dataset:64978,files
easy-dataset:62770,relation
easy-dataset:62774,relation
easy-dataset:57109,files
easy-dataset:40925,access
easy-dataset:40927,access
easy-dataset:40928,access
easy-dataset:41082,access
easy-dataset:41083,access
easy-dataset:41084,access
easy-dataset:41085,access
easy-dataset:41086,access
easy-dataset:43084,access
easy-dataset:41087,access
easy-dataset:43537,access
easy-dataset:126094,provenance
easy-dataset:60410,description
easy-dataset:32120,contact
easy-dataset:103564,ignore
easy-dataset:41858,access
easy-dataset:41417,description
easy-dataset:48197,files
easy-dataset:41257,provenance
easy-dataset:41259,provenance
easy-dataset:41260,provenance
easy-dataset:41098,provenance
easy-dataset:41258,provenance
easy-dataset:41452,files
easy-dataset:62764,files
easy-dataset:42495,files
easy-dataset:65621,files
easy-dataset:41277,files
easy-dataset:64897,collectiondate
easy-dataset:65108,files
easy-dataset:30733,contact
easy-dataset:42776,files
easy-dataset:39042,files
easy-dataset:32084,contact
easy-dataset:56562,files
easy-dataset:185,provenance
easy-dataset:32052,contact
easy-dataset:68444,files
easy-dataset:67764,provenance
easy-dataset:33759,files
easy-dataset:64303,relation
easy-dataset:119214,description
easy-dataset:52758,funder
easy-dataset:34143,funder
easy-dataset:51637,funder
easy-dataset:32034,contact
easy-dataset:32860,contact
easy-dataset:55419,provenance
easy-dataset:60367,ignore
easy-dataset:42567,files
easy-dataset:37664,relation
easy-dataset:32653,contact
easy-dataset:64333,files
easy-dataset:64353,files
easy-dataset:33029,contact
easy-dataset:62807,description
easy-dataset:31832,contact
easy-dataset:33088,contact
easy-dataset:33242,contact
easy-dataset:32846,contact
easy-dataset:32419,contact
easy-dataset:32538,contact
easy-dataset:33055,contact
easy-dataset:32327,contact
easy-dataset:33213,contact
easy-dataset:33368,contact
easy-dataset:33264,contact
easy-dataset:65658,provenance
easy-dataset:65659,provenance
easy-dataset:67602,provenance
easy-dataset:56138,provenance
easy-dataset:104965,provenance
easy-dataset:65405,provenance
easy-dataset:65675,provenance
easy-dataset:56882,provenance
easy-dataset:65615,provenance
easy-dataset:66091,description
easy-dataset:112735,files
easy-dataset:156406,files
easy-dataset:80017,files
easy-dataset:64312,files
easy-dataset:1984,provenance
easy-dataset:157232,access
easy-dataset:139383,access
easy-dataset:80040,provenance
easy-dataset:80041,provenance
easy-dataset:62449,files
easy-dataset:133086,relation
easy-dataset:60545,description
easy-dataset:103635,provenance
easy-dataset:65127,provenance
easy-dataset:63693,contact
easy-dataset:61443,contact
easy-dataset:41435,files
easy-dataset:44507,files
easy-dataset:41503,files
easy-dataset:41505,files
easy-dataset:41735,files
easy-dataset:41519,files
easy-dataset:41512,files
easy-dataset:41659,files
easy-dataset:40981,access
easy-dataset:46239,description
easy-dataset:77876,provenance
easy-dataset:76673,provenance
easy-dataset:77950,provenance
easy-dataset:77955,provenance
easy-dataset:68433,provenance
easy-dataset:78240,provenance
easy-dataset:68393,provenance
easy-dataset:65980,provenance
easy-dataset:76298,provenance
easy-dataset:39591,provenance
easy-dataset:74996,files
easy-dataset:62913,provenance
easy-dataset:62951,provenance
easy-dataset:65361,provenance
easy-dataset:74665,provenance
easy-dataset:74676,provenance
easy-dataset:74678,provenance
easy-dataset:62760,provenance
easy-dataset:78082,provenance
easy-dataset:68136,provenance
easy-dataset:103863,provenance
easy-dataset:103898,provenance
easy-dataset:78072,provenance
easy-dataset:63285,provenance
easy-dataset:63818,provenance
easy-dataset:62859,provenance
easy-dataset:42559,files
easy-dataset:42561,files
easy-dataset:42516,files
easy-dataset:32490,contact
easy-dataset:32022,contact
easy-dataset:32476,contact
easy-dataset:40609,files
easy-dataset:67434,files
easy-dataset:32680,contact
easy-dataset:74247,provenance
easy-dataset:31805,ignore
easy-dataset:32404,ignore
easy-dataset:32725,contact
easy-dataset:56368,provenance
easy-dataset:56369,provenance
easy-dataset:56370,provenance
easy-dataset:56372,provenance
easy-dataset:56374,provenance
easy-dataset:56376,provenance
easy-dataset:56377,provenance
easy-dataset:56378,provenance
easy-dataset:56379,provenance
easy-dataset:56350,provenance
easy-dataset:56351,provenance
easy-dataset:56352,provenance
easy-dataset:56353,provenance
easy-dataset:56354,provenance
easy-dataset:56355,provenance
easy-dataset:56356,provenance
easy-dataset:56357,provenance
easy-dataset:56358,provenance
easy-dataset:56359,provenance
easy-dataset:56360,provenance
easy-dataset:56321,provenance
easy-dataset:56322,provenance
easy-dataset:56316,provenance
easy-dataset:56317,provenance
easy-dataset:56319,provenance
easy-dataset:56320,provenance
easy-dataset:56323,provenance
easy-dataset:56324,provenance
easy-dataset:56325,provenance
easy-dataset:56326,provenance
easy-dataset:44290,files
easy-dataset:44488,files
easy-dataset:52078,files
easy-dataset:52079,files
easy-dataset:52085,files
easy-dataset:127510,provenance
easy-dataset:41869,files
easy-dataset:41537,relation
easy-dataset:41852,files
easy-dataset:55507,files
easy-dataset:62971,files
easy-dataset:63265,files
easy-dataset:57071,funder
easy-dataset:57410,files
easy-dataset:68537,files
easy-dataset:68541,files
easy-dataset:62275,files
easy-dataset:62276,files
easy-dataset:58677,files
easy-dataset:56965,contributor
easy-dataset:57407,files
easy-dataset:57389,files
easy-dataset:57390,files
easy-dataset:57393,files
easy-dataset:57395,files
easy-dataset:57403,files
easy-dataset:57405,files
easy-dataset:57417,files
easy-dataset:57418,files
easy-dataset:57420,files
easy-dataset:57424,files
easy-dataset:57426,files
easy-dataset:57435,files
easy-dataset:57437,files
easy-dataset:57455,files
easy-dataset:57466,files
easy-dataset:57440,files
easy-dataset:57392,files
easy-dataset:57396,files
easy-dataset:57398,files
easy-dataset:57406,files
easy-dataset:57409,files
easy-dataset:57411,files
easy-dataset:57416,files
easy-dataset:57423,files
easy-dataset:57430,files
easy-dataset:57431,files
easy-dataset:57439,files
easy-dataset:57443,files
easy-dataset:57444,files
easy-dataset:57449,files
easy-dataset:57452,files
easy-dataset:57454,files
easy-dataset:57457,files
easy-dataset:57458,files
easy-dataset:57460,files
easy-dataset:57461,files
easy-dataset:57412,files
easy-dataset:57402,files
easy-dataset:57428,files
easy-dataset:70395,files
easy-dataset:109863,relation
easy-dataset:41477,relation
easy-dataset:68113,files
easy-dataset:41437,files
easy-dataset:41446,files
easy-dataset:41447,files
easy-dataset:41796,files
easy-dataset:41837,files
easy-dataset:41829,files
easy-dataset:41830,files
easy-dataset:41698,files
easy-dataset:41793,files
easy-dataset:41792,files
easy-dataset:41794,files
easy-dataset:41795,files
easy-dataset:41797,files
easy-dataset:41798,files
easy-dataset:41799,files
easy-dataset:41835,files
easy-dataset:41836,files
easy-dataset:41800,files
easy-dataset:40982,access
easy-dataset:40969,access
easy-dataset:42088,files
easy-dataset:68100,files
easy-dataset:68103,files
easy-dataset:67364,files
easy-dataset:68111,files
easy-dataset:68104,files
easy-dataset:52781,files
easy-dataset:48078,files
easy-dataset:44056,files
easy-dataset:117069,provenance
easy-dataset:113742,provenance
easy-dataset:117067,provenance
easy-dataset:117068,provenance
easy-dataset:60704,description
easy-dataset:32093,contact
easy-dataset:32573,contact
easy-dataset:33444,contact
easy-dataset:43070,relation
easy-dataset:45202,relation
easy-dataset:55267,relation
easy-dataset:31982,contact
easy-dataset:67317,provenance
easy-dataset:32599,contributor
easy-dataset:32410,contact
easy-dataset:32731,contact
easy-dataset:33306,contact
easy-dataset:32948,contact
easy-dataset:32036,contact
easy-dataset:31814,contact
easy-dataset:33157,contact
easy-dataset:32678,contact
easy-dataset:33012,contact
easy-dataset:32215,contact
easy-dataset:55416,files
easy-dataset:57936,files
easy-dataset:97077,files
easy-dataset:60882,files
easy-dataset:41749,access
easy-dataset:57866,provenance
easy-dataset:31711,contact
easy-dataset:120569,relation
easy-dataset:32310,contributor
easy-dataset:32771,contact
easy-dataset:108904,relation
easy-dataset:32885,contact
easy-dataset:32997,contact
easy-dataset:131885,relation
easy-dataset:58507,relation
easy-dataset:64220,relation
easy-dataset:54102,relation
easy-dataset:41409,files
easy-dataset:41410,files
easy-dataset:41357,files
easy-dataset:41416,files
easy-dataset:32269,contact
easy-dataset:32019,contact
easy-dataset:58260,relation
easy-dataset:48490,files
easy-dataset:44428,files
easy-dataset:52008,files
easy-dataset:31773,contact
easy-dataset:56493,files
easy-dataset:44055,provenance
easy-dataset:41848,files
easy-dataset:41819,relation
easy-dataset:49841,files
easy-dataset:61290,files
easy-dataset:70332,provenance
easy-dataset:79719,provenance
easy-dataset:60755,files
easy-dataset:60059,files
easy-dataset:41784,files
easy-dataset:32847,contact
easy-dataset:40966,description
easy-dataset:40965,description
easy-dataset:31831,contact
easy-dataset:33432,contact
easy-dataset:64313,files
easy-dataset:109607,files
easy-dataset:33107,contact
easy-dataset:43063,access
easy-dataset:48674,ignore
easy-dataset:49344,ignore
easy-dataset:70398,description
easy-dataset:31884,contact
easy-dataset:58624,files
easy-dataset:61472,files
easy-dataset:58940,files
easy-dataset:32895,contact
easy-dataset:32509,contact
easy-dataset:48968,funder
easy-dataset:62957,files
easy-dataset:61779,provenance
easy-dataset:59009,files
easy-dataset:76135,provenance
easy-dataset:58687,access
easy-dataset:41254,access
easy-dataset:41255,access
easy-dataset:41256,access
easy-dataset:41250,access
easy-dataset:41251,access
easy-dataset:41252,access
easy-dataset:41253,access
easy-dataset:41222,access
easy-dataset:41101,access
easy-dataset:56783,funder
easy-dataset:131306,provenance
easy-dataset:131307,provenance
easy-dataset:30717,access
easy-dataset:63769,files
easy-dataset:32125,provenance
easy-dataset:38250,provenance
easy-dataset:47884,provenance
easy-dataset:73273,provenance
easy-dataset:56348,provenance
easy-dataset:129406,provenance
easy-dataset:113721,provenance
easy-dataset:36955,relation
easy-dataset:76130,access
easy-dataset:33449,access
easy-dataset:121805,provenance
easy-dataset:75430,relation
easy-dataset:60363,files
easy-dataset:77158,description
easy-dataset:46971,relation
easy-dataset:46973,relation
easy-dataset:46968,relation
easy-dataset:48486,files
easy-dataset:32489,contact
easy-dataset:223071,provenance
easy-dataset:33007,access
easy-dataset:65276,provenance
easy-dataset:76206,collectiondate
easy-dataset:76254,collectiondate
easy-dataset:76380,collectiondate
easy-dataset:76382,collectiondate
easy-dataset:76204,collectiondate
easy-dataset:76419,collectiondate
easy-dataset:114175,access
easy-dataset:32802,contact
easy-dataset:126983,relation
easy-dataset:33050,contact
easy-dataset:113504,description
easy-dataset:58245,relation
easy-dataset:60779,files
easy-dataset:65663,access
easy-dataset:75559,provenance
easy-dataset:55857,access
easy-dataset:157271,relation
easy-dataset:40192,relation
easy-dataset:28845,relation
easy-dataset:31916,contact
easy-dataset:103664,collectiondate
easy-dataset:64860,provenance
easy-dataset:33898,files
easy-dataset:57103,provenance
easy-dataset:60909,provenance
easy-dataset:33067,contact
easy-dataset:64209,relation
easy-dataset:112332,provenance
easy-dataset:121473,description
easy-dataset:121699,description
easy-dataset:69295,provenance
easy-dataset:41097,files
easy-dataset:41540,files
easy-dataset:41518,files
easy-dataset:41648,files
easy-dataset:41664,files
easy-dataset:41523,files
easy-dataset:41667,files
easy-dataset:45084,files
easy-dataset:41539,files
easy-dataset:41457,files
easy-dataset:41535,files
easy-dataset:41454,files
easy-dataset:41668,files
easy-dataset:41630,files
easy-dataset:41663,files
easy-dataset:41609,files
easy-dataset:41596,files
easy-dataset:41629,files
easy-dataset:41502,files
easy-dataset:41507,files
easy-dataset:156525,provenance
easy-dataset:103498,provenance
easy-dataset:73441,provenance
easy-dataset:73428,provenance
easy-dataset:61448,provenance
easy-dataset:66100,provenance
easy-dataset:66101,provenance
easy-dataset:66111,provenance
easy-dataset:32274,contact
easy-dataset:70396,relation
easy-dataset:70397,relation
easy-dataset:70321,files
easy-dataset:36694,relation
easy-dataset:54484,relation
easy-dataset:131103,ignore
easy-dataset:121461,files
easy-dataset:132256,files
easy-dataset:57102,provenance
easy-dataset:60841,access
easy-dataset:152859,files
easy-dataset:54666,relation
easy-dataset:54642,relation
easy-dataset:54793,relation
easy-dataset:41005,contributor
easy-dataset:41006,contributor
easy-dataset:41007,contributor
easy-dataset:41008,contributor
easy-dataset:41009,contributor
easy-dataset:41010,contributor
easy-dataset:41011,contributor
easy-dataset:41012,contributor
easy-dataset:41013,contributor
easy-dataset:41014,contributor
easy-dataset:41015,contributor
easy-dataset:41016,contributor
easy-dataset:67350,files
easy-dataset:134840,files
easy-dataset:61451,files
easy-dataset:32159,contact
easy-dataset:60368,access
easy-dataset:60373,access
easy-dataset:60374,access
easy-dataset:60375,access
easy-dataset:31891,contact
easy-dataset:48786,description
easy-dataset:67383,files
easy-dataset:56559,files
easy-dataset:51304,files
easy-dataset:51242,files
easy-dataset:51243,files
easy-dataset:51244,files
easy-dataset:51245,files
easy-dataset:51263,files
easy-dataset:51264,files
easy-dataset:51299,files
easy-dataset:51319,files
easy-dataset:51337,files
easy-dataset:51338,files
easy-dataset:51342,files
easy-dataset:51374,files
easy-dataset:51419,files
easy-dataset:51420,files
easy-dataset:51535,files
easy-dataset:51567,files
easy-dataset:51571,files
easy-dataset:51587,files
easy-dataset:51588,files
easy-dataset:51603,files
easy-dataset:52199,files
easy-dataset:52201,files
easy-dataset:52202,files
easy-dataset:52206,files
easy-dataset:52207,files
easy-dataset:52208,files
easy-dataset:52209,files
easy-dataset:52210,files
easy-dataset:52211,files
easy-dataset:50914,files
easy-dataset:54525,access
easy-dataset:55144,files
easy-dataset:64647,contributor
easy-dataset:67353,provenance
easy-dataset:67195,provenance
easy-dataset:66389,provenance
easy-dataset:63028,provenance
easy-dataset:67660,provenance
easy-dataset:61122,files
easy-dataset:62648,relation
easy-dataset:64135,contributor
easy-dataset:59791,funder
easy-dataset:61569,files
easy-dataset:49481,files
easy-dataset:34185,files
easy-dataset:60979,access
easy-dataset:60662,access
easy-dataset:60975,access
easy-dataset:56916,access
easy-dataset:64921,access
easy-dataset:64922,access
easy-dataset:64923,access
easy-dataset:64856,access
easy-dataset:64852,access
easy-dataset:64909,access
easy-dataset:64916,access
easy-dataset:64913,access
easy-dataset:58411,access
easy-dataset:58412,access
easy-dataset:58413,access
easy-dataset:64918,access
easy-dataset:64920,access
easy-dataset:64854,access
easy-dataset:64855,access
easy-dataset:60980,access
easy-dataset:64858,access
easy-dataset:64914,access
easy-dataset:64912,access
easy-dataset:64857,access
easy-dataset:64915,access
easy-dataset:130499,access
easy-dataset:130514,access
easy-dataset:191000,access
easy-dataset:62724,files
easy-dataset:56995,files
easy-dataset:70326,provenance
easy-dataset:25027,access
easy-dataset:25032,access
easy-dataset:28951,access
easy-dataset:29619,access
easy-dataset:34266,access
easy-dataset:37636,access
easy-dataset:38485,access
easy-dataset:38486,access
easy-dataset:40599,access
easy-dataset:45092,access
easy-dataset:45093,access
easy-dataset:45094,access
easy-dataset:45095,access
easy-dataset:49438,access
easy-dataset:24935,access
easy-dataset:37952,access
easy-dataset:25037,access
easy-dataset:28509,access
easy-dataset:37637,access
easy-dataset:44169,access
easy-dataset:45057,access
easy-dataset:38249,provenance
easy-dataset:31151,relation
easy-dataset:33871,relation
easy-dataset:33876,relation
easy-dataset:33896,relation
easy-dataset:33971,relation
easy-dataset:39351,relation
easy-dataset:51941,relation
easy-dataset:51943,relation
easy-dataset:51952,relation
easy-dataset:45927,files
easy-dataset:45928,files
easy-dataset:45921,files
easy-dataset:61475,relation
easy-dataset:49447,access
easy-dataset:49439,access
easy-dataset:49440,access
easy-dataset:49441,access
easy-dataset:49444,access
easy-dataset:49446,access
easy-dataset:193117,access
easy-dataset:193118,access
easy-dataset:193119,access
easy-dataset:193120,access
easy-dataset:193121,access
easy-dataset:193123,access
easy-dataset:193122,access
easy-dataset:169,relation
easy-dataset:56077,relation
easy-dataset:56233,relation
easy-dataset:56410,relation
easy-dataset:56413,relation
easy-dataset:56414,relation
easy-dataset:56453,relation
easy-dataset:56498,relation
easy-dataset:56500,relation
easy-dataset:56502,relation
easy-dataset:56504,relation
easy-dataset:56506,relation
easy-dataset:56508,relation
easy-dataset:56509,relation
easy-dataset:56510,relation
easy-dataset:56512,relation
easy-dataset:56514,relation
easy-dataset:56515,relation
easy-dataset:56582,relation
easy-dataset:56583,relation
easy-dataset:56584,relation
easy-dataset:56586,relation
easy-dataset:56587,relation
easy-dataset:56588,relation
easy-dataset:56590,relation
easy-dataset:56753,relation
easy-dataset:56754,relation
easy-dataset:56755,relation
easy-dataset:56756,relation
easy-dataset:56757,relation
easy-dataset:56758,relation
easy-dataset:56759,relation
easy-dataset:56760,relation
easy-dataset:56761,relation
easy-dataset:56762,relation
easy-dataset:56763,relation
easy-dataset:56764,relation
easy-dataset:56765,relation
easy-dataset:124407,files
easy-dataset:45913,files
easy-dataset:45915,files
easy-dataset:45917,files
easy-dataset:45914,files
easy-dataset:45902,files
easy-dataset:158398,provenance
easy-dataset:45859,files
easy-dataset:45839,files
easy-dataset:64613,files
easy-dataset:67445,files
easy-dataset:74467,files
easy-dataset:61181,provenance
easy-dataset:62379,provenance
easy-dataset:78870,provenance
easy-dataset:73913,provenance
easy-dataset:74707,provenance
easy-dataset:72766,provenance
easy-dataset:76383,provenance
easy-dataset:76147,provenance
easy-dataset:76637,provenance
easy-dataset:101156,provenance
easy-dataset:75503,provenance
easy-dataset:76348,provenance
easy-dataset:78293,provenance
easy-dataset:68678,provenance
easy-dataset:73064,provenance
easy-dataset:78290,provenance
easy-dataset:78754,provenance
easy-dataset:73041,provenance
easy-dataset:76305,provenance
easy-dataset:67284,provenance
easy-dataset:100569,provenance
easy-dataset:72528,provenance
easy-dataset:70897,provenance
easy-dataset:71086,provenance
easy-dataset:77877,provenance
easy-dataset:93498,provenance
easy-dataset:72974,provenance
easy-dataset:77634,provenance
easy-dataset:77573,provenance
easy-dataset:75307,provenance
easy-dataset:78294,provenance
easy-dataset:75299,provenance
easy-dataset:76430,provenance
easy-dataset:68832,provenance
easy-dataset:64577,files
easy-dataset:43065,files
easy-dataset:4529,files
easy-dataset:64211,provenance
easy-dataset:55635,access
easy-dataset:55638,access
easy-dataset:55641,access
easy-dataset:55642,access
easy-dataset:55645,access
easy-dataset:100903,access
easy-dataset:100920,access
easy-dataset:101129,access
easy-dataset:101130,access
easy-dataset:101155,access
easy-dataset:101157,access
easy-dataset:103837,access
easy-dataset:103839,access
easy-dataset:103840,access
easy-dataset:103841,access
easy-dataset:103842,access
easy-dataset:103843,access
easy-dataset:103844,access
easy-dataset:103900,access
easy-dataset:103908,access
easy-dataset:103910,access
easy-dataset:103912,access
easy-dataset:104530,access
easy-dataset:104531,access
easy-dataset:104532,access
easy-dataset:104972,access
easy-dataset:104973,access
easy-dataset:37644,access
easy-dataset:37646,access
easy-dataset:37647,access
easy-dataset:37649,access
easy-dataset:37817,access
easy-dataset:38060,access
easy-dataset:38061,access
easy-dataset:38117,access
easy-dataset:38484,access
easy-dataset:39413,access
easy-dataset:39414,access
easy-dataset:39472,access
easy-dataset:39478,access
easy-dataset:39967,access
easy-dataset:42371,access
easy-dataset:42373,access
easy-dataset:42377,access
easy-dataset:42379,access
easy-dataset:45055,access
easy-dataset:45056,access
easy-dataset:45058,access
easy-dataset:45059,access
easy-dataset:45060,access
easy-dataset:45091,access
easy-dataset:49429,access
easy-dataset:49430,access
easy-dataset:49432,access
easy-dataset:49434,access
easy-dataset:49435,access
easy-dataset:49436,access
easy-dataset:49437,access
easy-dataset:49599,access
easy-dataset:49604,access
easy-dataset:49605,access
easy-dataset:49606,access
easy-dataset:49607,access
easy-dataset:49608,access
easy-dataset:49609,access
easy-dataset:49627,access
easy-dataset:49628,access
easy-dataset:49629,access
easy-dataset:49630,access
easy-dataset:49631,access
easy-dataset:49632,access
easy-dataset:49633,access
easy-dataset:52990,access
easy-dataset:52994,access
easy-dataset:52995,access
easy-dataset:53001,access
easy-dataset:53002,access
easy-dataset:53003,access
easy-dataset:53005,access
easy-dataset:53008,access
easy-dataset:53009,access
easy-dataset:53010,access
easy-dataset:53011,access
easy-dataset:53012,access
easy-dataset:53013,access
easy-dataset:53015,access
easy-dataset:53016,access
easy-dataset:53023,access
easy-dataset:53024,access
easy-dataset:53025,access
easy-dataset:53026,access
easy-dataset:53027,access
easy-dataset:53028,access
easy-dataset:53029,access
easy-dataset:53032,access
easy-dataset:53033,access
easy-dataset:53034,access
easy-dataset:53035,access
easy-dataset:53041,access
easy-dataset:55659,access
easy-dataset:55660,access
easy-dataset:55661,access
easy-dataset:55663,access
easy-dataset:55664,access
easy-dataset:55665,access
easy-dataset:55666,access
easy-dataset:55667,access
easy-dataset:55669,access
easy-dataset:55671,access
easy-dataset:55673,access
easy-dataset:55674,access
easy-dataset:55675,access
easy-dataset:55676,access
easy-dataset:55678,access
easy-dataset:55679,access
easy-dataset:55681,access
easy-dataset:55682,access
easy-dataset:55683,access
easy-dataset:55684,access
easy-dataset:55685,access
easy-dataset:55686,access
easy-dataset:55695,access
easy-dataset:56290,access
easy-dataset:58266,access
easy-dataset:58267,access
easy-dataset:58268,access
easy-dataset:58269,access
easy-dataset:58270,access
easy-dataset:58271,access
easy-dataset:58272,access
easy-dataset:58277,access
easy-dataset:58278,access
easy-dataset:58279,access
easy-dataset:58281,access
easy-dataset:58283,access
easy-dataset:58291,access
easy-dataset:58294,access
easy-dataset:58295,access
easy-dataset:58296,access
easy-dataset:58298,access
easy-dataset:58299,access
easy-dataset:58300,access
easy-dataset:58301,access
easy-dataset:60136,access
easy-dataset:60137,access
easy-dataset:60138,access
easy-dataset:60139,access
easy-dataset:60140,access
easy-dataset:60141,access
easy-dataset:60143,access
easy-dataset:60153,access
easy-dataset:60155,access
easy-dataset:60156,access
easy-dataset:60161,access
easy-dataset:60162,access
easy-dataset:60163,access
easy-dataset:60164,access
easy-dataset:60165,access
easy-dataset:60166,access
easy-dataset:60189,access
easy-dataset:60190,access
easy-dataset:60191,access
easy-dataset:60192,access
easy-dataset:61961,access
easy-dataset:61969,access
easy-dataset:61970,access
easy-dataset:61972,access
easy-dataset:61973,access
easy-dataset:61989,access
easy-dataset:64412,access
easy-dataset:64413,access
easy-dataset:64427,access
easy-dataset:64428,access
easy-dataset:64432,access
easy-dataset:64484,access
easy-dataset:64490,access
easy-dataset:79729,access
easy-dataset:76574,access
easy-dataset:76576,access
easy-dataset:76581,access
easy-dataset:76582,access
easy-dataset:76583,access
easy-dataset:76585,access
easy-dataset:76586,access
easy-dataset:76587,access
easy-dataset:51548,access
easy-dataset:66882,provenance
easy-dataset:65873,files
easy-dataset:67407,files
easy-dataset:68086,files
easy-dataset:49840,relation
easy-dataset:50480,relation
easy-dataset:50483,relation
easy-dataset:50484,relation
easy-dataset:50485,relation
easy-dataset:50486,relation
easy-dataset:50487,relation
easy-dataset:50488,relation
easy-dataset:50489,relation
easy-dataset:50491,relation
easy-dataset:50493,relation
easy-dataset:50494,relation
easy-dataset:50495,relation
easy-dataset:50496,relation
easy-dataset:50498,relation
easy-dataset:67404,files
easy-dataset:68099,files
easy-dataset:67399,files
easy-dataset:67406,files
easy-dataset:68102,files
easy-dataset:68112,files
easy-dataset:65436,files
easy-dataset:67369,files
easy-dataset:67405,files
easy-dataset:56148,files
easy-dataset:65277,access
easy-dataset:43062,description
easy-dataset:51365,access
easy-dataset:33366,provenance
easy-dataset:921,provenance
easy-dataset:70955,provenance
easy-dataset:33536,provenance
easy-dataset:48275,access
easy-dataset:75117,files
easy-dataset:65785,files
easy-dataset:45840,files
easy-dataset:72607,relation
easy-dataset:61753,files
easy-dataset:66678,files
easy-dataset:62775,files
easy-dataset:131636,relation
easy-dataset:62227,files
easy-dataset:76464,files
easy-dataset:55593,funder
easy-dataset:56438,funder
easy-dataset:78638,files
easy-dataset:63044,provenance
easy-dataset:65203,provenance
easy-dataset:67583,provenance
easy-dataset:57332,files
easy-dataset:67390,files
easy-dataset:67394,files
easy-dataset:67402,files
easy-dataset:67389,files
easy-dataset:65188,files
easy-dataset:67385,files
easy-dataset:237533,access
easy-dataset:45930,files
easy-dataset:89757,files
easy-dataset:66118,files
easy-dataset:66363,files
easy-dataset:61706,files
easy-dataset:54390,provenance
easy-dataset:56146,provenance
easy-dataset:56147,provenance
easy-dataset:56163,provenance
easy-dataset:56165,provenance
easy-dataset:56166,provenance
easy-dataset:68057,files
easy-dataset:112989,provenance
easy-dataset:52752,provenance
easy-dataset:61704,relation
easy-dataset:156778,provenance
easy-dataset:60378,provenance
easy-dataset:61237,provenance
easy-dataset:172,files
easy-dataset:55545,access
easy-dataset:78524,files
easy-dataset:121823,files
easy-dataset:203996,relation
easy-dataset:207677,relation
easy-dataset:116182,relation
easy-dataset:56779,relation
easy-dataset:63027,relation
easy-dataset:128222,relation
easy-dataset:190011,relation
easy-dataset:55598,relation
easy-dataset:53588,relation
easy-dataset:53789,relation
easy-dataset:53791,relation
easy-dataset:53788,relation
easy-dataset:51212,access
easy-dataset:55568,funder
easy-dataset:55569,funder
easy-dataset:55570,funder
easy-dataset:55571,funder
easy-dataset:55572,funder
easy-dataset:55573,funder
easy-dataset:55574,funder
easy-dataset:55575,funder
easy-dataset:55576,funder
easy-dataset:55577,funder
easy-dataset:55578,funder
easy-dataset:55579,funder
easy-dataset:55580,funder
easy-dataset:55581,funder
easy-dataset:55582,funder
easy-dataset:55583,funder
easy-dataset:55584,funder
easy-dataset:55585,funder
easy-dataset:55586,funder
easy-dataset:55587,funder
easy-dataset:47571,funder
easy-dataset:55049,provenance
easy-dataset:56251,relation
easy-dataset:46969,relation
easy-dataset:49791,funder
easy-dataset:32042,provenance
easy-dataset:32082,provenance
easy-dataset:32927,provenance
easy-dataset:33141,provenance
easy-dataset:33360,contact
easy-dataset:38226,provenance
easy-dataset:38230,provenance
easy-dataset:38761,provenance
easy-dataset:38770,provenance
easy-dataset:38771,provenance
easy-dataset:38773,provenance
easy-dataset:39245,provenance
easy-dataset:39246,provenance
easy-dataset:39341,provenance
easy-dataset:40199,provenance
easy-dataset:43471,provenance
easy-dataset:43969,provenance
easy-dataset:44160,provenance
easy-dataset:44281,provenance
easy-dataset:63495,provenance
easy-dataset:67677,provenance
easy-dataset:33750,access
easy-dataset:36491,access
easy-dataset:52566,access
easy-dataset:52567,access
easy-dataset:52568,access
easy-dataset:62108,access
easy-dataset:62111,access
easy-dataset:62113,access
easy-dataset:41149,files
easy-dataset:41155,files
easy-dataset:41160,files
easy-dataset:41161,files
easy-dataset:41162,files
easy-dataset:41159,files
easy-dataset:41153,files
easy-dataset:41166,files
easy-dataset:41168,files
easy-dataset:41169,files
easy-dataset:41170,files
easy-dataset:41298,files
easy-dataset:41297,files
easy-dataset:58466,files
easy-dataset:39581,access
easy-dataset:67926,access
easy-dataset:32591,contact
easy-dataset:155655,provenance
easy-dataset:41737,funder
easy-dataset:41704,funder
easy-dataset:41734,funder
easy-dataset:41787,funder
easy-dataset:41788,funder
easy-dataset:41789,funder
easy-dataset:41790,funder
easy-dataset:41647,funder
easy-dataset:41736,funder
easy-dataset:41738,funder
easy-dataset:41739,funder
easy-dataset:41740,funder
easy-dataset:41134,files
easy-dataset:59928,access
easy-dataset:42517,files
easy-dataset:42519,files
easy-dataset:41661,files
easy-dataset:41662,files
easy-dataset:41678,files
easy-dataset:41679,files
easy-dataset:41680,files
easy-dataset:41682,files
easy-dataset:41684,files
easy-dataset:41685,files
easy-dataset:41686,files
easy-dataset:41687,files
easy-dataset:41688,files
easy-dataset:41689,files
easy-dataset:41691,files
easy-dataset:41692,files
easy-dataset:41693,files
easy-dataset:41695,files
easy-dataset:41696,files
easy-dataset:41697,files
easy-dataset:41699,files
easy-dataset:41701,files
easy-dataset:41703,files
easy-dataset:41706,files
easy-dataset:41707,files
easy-dataset:41711,files
easy-dataset:41677,files
easy-dataset:41690,files
easy-dataset:41700,files
easy-dataset:41710,files
easy-dataset:45266,files
easy-dataset:41705,files
easy-dataset:41709,files
easy-dataset:41681,files
easy-dataset:61622,files
easy-dataset:155206,provenance
easy-dataset:155208,provenance
easy-dataset:57448,description
easy-dataset:156404,provenance
easy-dataset:58609,files
easy-dataset:31890,contact
easy-dataset:32893,contact
easy-dataset:32838,contact
easy-dataset:32924,contact
easy-dataset:60583,relation
easy-dataset:60584,relation
easy-dataset:60585,relation
easy-dataset:60586,relation
easy-dataset:60587,relation
easy-dataset:58798,relation
easy-dataset:200841,description
easy-dataset:38019,access
easy-dataset:46355,access
easy-dataset:33129,contact
easy-dataset:32888,contact
easy-dataset:34376,description
easy-dataset:36269,description
easy-dataset:28675,description
easy-dataset:28676,description
easy-dataset:34370,description
easy-dataset:34371,description
easy-dataset:34372,description
easy-dataset:34373,description
easy-dataset:34374,description
easy-dataset:34375,description
easy-dataset:35496,description
easy-dataset:36399,description
easy-dataset:38502,description
easy-dataset:49929,description
easy-dataset:50001,description
easy-dataset:50002,description
easy-dataset:50003,description
easy-dataset:56371,provenance
easy-dataset:56375,provenance
easy-dataset:3999,files
easy-dataset:64539,provenance
easy-dataset:41213,contact
easy-dataset:48402,files
easy-dataset:34152,contact
easy-dataset:35596,contact
easy-dataset:35598,contact
easy-dataset:57764,contact
easy-dataset:57771,contact
easy-dataset:57772,contact
easy-dataset:30724,files
easy-dataset:32448,contact
easy-dataset:32015,contact
easy-dataset:32105,contact
easy-dataset:58490,access
easy-dataset:67632,files
easy-dataset:67414,files
easy-dataset:44243,relation
easy-dataset:64888,description
easy-dataset:33340,contact
easy-dataset:32534,contact
easy-dataset:32714,ignore
easy-dataset:4206,files
easy-dataset:24981,relation
easy-dataset:41023,relation
easy-dataset:41018,relation
easy-dataset:41019,relation
easy-dataset:41017,relation
easy-dataset:43078,files
easy-dataset:4205,files